StuID,StuName,BirthDate,YearEnrolled,ProgCode
STU0001,Anna Wilson,7/14/2001,2019,PC001
STU0002,Chloe Green,10/14/2002,2020,PC001
STU0003,Brooklyn Davies,3/7/2005,2018,PC001
STU0004,Landon Jackson,8/27/2001,2017,PC001
STU0005,Aria Thomas,10/28/2002,2020,PC001
STU0006,Sarah Hall,11/3/2001,2018,PC001
STU0007,Gabriel Watson,2/6/2000,2016,PC001
STU0008,Abigail Hill,5/3/2001,2021,PC001
STU0009,Lauren Clark,2/7/2000,2016,PC001
STU0010,Chase Edwards,3/3/2003,2017,PC001
STU0031,Abigail White,2/13/2000,2017,PC004
STU0032,Kylie Davies,11/26/2003,2016,PC004
STU0033,Cole Harrison,12/19/2001,2021,PC004
STU0034,Alexander Williams,10/9/2000,2019,PC004
STU0035,Alexis Morris,10/22/2001,2018,PC004
STU0036,Hudson White,1/18/2003,2021,PC004
STU0037,Michael Moore,1/19/2001,2018,PC004
STU0038,Taylor Harris,1/5/2001,2016,PC004
STU0039,Sophia Thompson,7/18/2001,2021,PC004
STU0040,Nolan Wilson,10/19/2001,2019,PC004
STU0051,Jonathan Young,2/11/2003,2016,PC006
STU0052,Brody Scott,10/18/2002,2017,PC006
STU0053,Mason Williams,9/5/2000,2019,PC006
STU0054,Brayden Clark,4/26/2005,2017,PC006
STU0055,Colin Carter,7/21/2000,2017,PC006
STU0056,Matthew Adams,1/12/2004,2016,PC006
STU0057,Matthew Harris,5/24/2002,2021,PC006
STU0058,Madison Taylor,7/11/2002,2018,PC006
STU0059,James Clark,11/19/1999,2018,PC006
STU0060,Nathan Green,12/28/2001,2019,PC006
STU0081,Aiden Anderson,8/8/2000,2019,PC009
STU0082,Mia Watson,7/10/2003,2019,PC009
STU0083,Asher Taylor,7/26/2002,2021,PC009
STU0084,Cooper Lee,5/19/2003,2020,PC009
STU0085,Kayla Watson,12/23/2002,2021,PC009
STU0086,Quinn Hill,2/4/2001,2018,PC009
STU0087,Quinn Young,9/11/2003,2016,PC009
STU0088,Brayden King,2/6/2003,2020,PC009
STU0089,Jordan White,12/13/1997,2020,PC009
STU0090,Isaac Harris,12/21/1999,2017,PC009
STU0111,Eva Jackson,2/2/2000,2016,PC012
STU0112,Blake Hughes,9/12/2003,2018,PC012
STU0113,Grayson Wood,7/3/2003,2017,PC012
STU0114,Benjamin Scott,2/11/2004,2019,PC012
STU0115,Eliana Moore,5/3/2001,2016,PC012
STU0116,Asher Cooper,8/23/2003,2020,PC012
STU0117,Lucy Patel,3/10/2003,2020,PC012
STU0118,Savannah Carter,9/28/2002,2021,PC012
STU0119,Ian Wright,10/1/2002,2016,PC012
STU0120,Annabelle Edwards,11/12/2001,2020,PC012
STU0141,Jason Moore,9/5/2003,2017,PC015
STU0142,Anna Scott,6/13/1999,2019,PC015
STU0143,Sophie Johnson,4/17/2000,2017,PC015
STU0144,Avery Watson,6/27/1999,2020,PC015
STU0145,Paige Anderson,6/23/2003,2021,PC015
STU0146,Colin Hall,4/15/2002,2017,PC015
STU0147,Benjamin Williams,12/16/2003,2019,PC015
STU0148,Alexander Mitchell,3/13/2003,2020,PC015
STU0149,Chase Turner,3/14/2000,2020,PC015
STU0150,Brody Clarke,10/20/2003,2016,PC015
STU0171,Luke Wright,12/28/2000,2016,PC018
STU0172,Xavier Robinson,9/1/2001,2019,PC018
STU0173,Michael Davies,7/14/2002,2021,PC018
STU0174,Kaylee Robinson,2/18/2000,2019,PC018
STU0175,Gavin Harris,3/16/2001,2019,PC018
STU0176,Olivia Thompson,7/11/2002,2017,PC018
STU0177,Colin Thomas,6/4/2004,2020,PC018
STU0178,Mason Morris,5/19/2003,2017,PC018
STU0179,Colin Campbell,10/24/2000,2021,PC018
STU0180,Savannah Lee,2/19/2002,2016,PC018
STU0201,Charlie Hall,8/4/2001,2017,PC021
STU0202,Piper Wright,5/24/2002,2019,PC021
STU0203,Makayla Lee,2/19/2002,2020,PC021
STU0204,William Adams,3/17/2002,2016,PC021
STU0205,Peyton Patel,4/13/2003,2016,PC021
STU0206,Jace Anderson,2/21/2001,2021,PC021
STU0207,Micah Lee,3/20/2005,2019,PC021
STU0208,Madelyn Allen,4/21/2003,2017,PC021
STU0209,Gabriella Watson,4/16/2000,2021,PC021
STU0210,Allison Wood,8/2/2001,2021,PC021
STU0231,Samantha Campbell,3/7/2002,2017,PC024
STU0232,Carter King,6/27/1998,2017,PC024
STU0233,Luke White,11/15/2000,2020,PC024
STU0234,Hudson Davies,12/3/2002,2018,PC024
STU0235,Isaac Hill,11/15/2002,2021,PC024
STU0236,Samantha Roberts,12/11/2000,2020,PC024
STU0237,Gabriel Evans,4/1/2005,2020,PC024
STU0238,Jasmine Adams,8/3/2002,2021,PC024
STU0239,Mia Turner,11/21/2002,2016,PC024
STU0240,Cole Patel,4/17/2003,2020,PC024
STU0261,Adrian Harrison,9/17/2002,2020,PC027
STU0262,Aubrey Jackson,10/16/2003,2016,PC027
STU0263,Gavin Clark,7/18/2001,2019,PC027
STU0264,Kendall Edwards,11/11/2002,2020,PC027
STU0265,Violet Cook,10/11/2003,2019,PC027
STU0266,Madison Martin,3/9/2003,2016,PC027
STU0267,Anthony Cooper,8/12/2001,2016,PC027
STU0268,Hannah Hill,6/14/1999,2017,PC027
STU0269,Joshua Cook,2/27/2003,2020,PC027
STU0270,Dylan Johnson,10/24/1998,2017,PC027
STU0291,Allison Anderson,6/12/2001,2017,PC030
STU0292,Michael King,12/18/2002,2019,PC030
STU0293,Layla Patel,2/2/2003,2017,PC030
STU0294,Asher Harrison,12/13/2000,2021,PC030
STU0295,Kendall Ward,6/6/1998,2018,PC030
STU0296,Sophie Harrison,5/27/2000,2020,PC030
STU0297,Aaliyah Hill,9/6/2001,2021,PC030
STU0298,Noah White,6/13/2002,2020,PC030
STU0299,Hudson Taylor,5/27/2003,2020,PC030
STU0300,Jace Scott,3/9/2003,2016,PC030
STU0311,Grayson King,11/18/2002,2019,PC032
STU0312,Austin Jones,5/6/2001,2020,PC032
STU0313,Nathaniel Allen,10/20/2004,2020,PC032
STU0314,Easton Moore,10/20/2002,2016,PC032
STU0315,Molly Walker,12/26/2003,2021,PC032
STU0316,Dylan Mitchell,2/8/2003,2017,PC032
STU0317,Parker Thomas,6/21/2002,2018,PC032
STU0318,Harrison Martin,1/28/2000,2021,PC032
STU0319,Ellie Hall,10/13/2000,2018,PC032
STU0320,Jasmine Anderson,4/20/2002,2020,PC032
STU0371,Cooper Green,10/22/1999,2016,PC035
STU0372,Tristan Martin,10/5/2001,2016,PC035
STU0373,Kaylee King,11/24/2000,2021,PC035
STU0374,Jace Evans,12/16/2004,2017,PC035
STU0375,Samuel Taylor,10/9/2004,2021,PC035
STU0376,Liam Allen,10/9/2004,2020,PC035
STU0377,Layla Wood,6/9/2001,2016,PC035
STU0378,Jake Young,7/14/2004,2016,PC035
STU0379,Alexis Hill,4/8/2000,2017,PC035
STU0380,Jason King,6/9/2000,2017,PC035
STU0401,Andrew Young,6/23/2001,2017,PC038
STU0402,Dominic Ward,12/6/2003,2018,PC038
STU0403,Violet Walker,9/8/2000,2017,PC038
STU0404,Abigail Walker,9/1/2001,2018,PC038
STU0405,Brooke Morgan,10/28/2000,2020,PC038
STU0406,Isabelle Robinson,11/28/2001,2018,PC038
STU0407,Alice Cooper,8/17/2003,2021,PC038
STU0408,Mia Harris,5/5/2000,2021,PC038
STU0409,Caroline Williams,6/4/2000,2021,PC038
STU0410,Elijah Harris,2/8/2001,2016,PC038
STU0431,Xavier Harris,1/13/2004,2020,PC041
STU0432,Annabelle Evans,5/26/2003,2018,PC041
STU0433,Alexis Harris,2/2/2002,2017,PC041
STU0434,Zachary Young,3/4/2002,2017,PC041
STU0435,Austin Hill,2/20/2000,2019,PC041
STU0436,Olivia White,12/14/2000,2021,PC041
STU0437,Alexandra Anderson,8/14/1999,2017,PC041
STU0438,Sadie Wilson,1/15/2001,2016,PC041
STU0439,Nevaeh Hall,4/3/2002,2019,PC041
STU0440,Reese Jackson,2/15/2002,2020,PC041
STU0461,Lyla Roberts,6/11/2001,2016,PC044
STU0462,Isaiah Harris,4/16/2001,2018,PC044
STU0463,Grace Lee,2/23/2001,2016,PC044
STU0464,Max Cook,11/2/2001,2016,PC044
STU0465,Lauren Wright,2/26/2002,2020,PC044
STU0466,Logan Martin,4/1/2001,2020,PC044
STU0467,Quinn Patel,12/11/2003,2018,PC044
STU0468,Sienna Johnson,5/21/2003,2021,PC044
STU0469,Lucy Ward,5/15/2001,2021,PC044
STU0470,Harper Lewis,3/26/1999,2019,PC044
STU0481,Sadie Patel,6/18/2002,2016,PC047
STU0482,Sophie Hughes,9/12/1999,2019,PC047
STU0483,Brooke Hall,6/3/2001,2021,PC047
STU0484,Reagan Wright,2/28/2002,2016,PC047
STU0485,Ava Harrison,8/15/2004,2019,PC047
STU0486,Emily Wilson,9/7/2003,2018,PC047
STU0487,Kayla White,9/5/2002,2020,PC047
STU0488,Riley Watson,3/9/2001,2020,PC047
STU0489,Mackenzie Roberts,2/16/2001,2020,PC047
STU0490,Isla Scott,2/11/2003,2018,PC047
STU0511,Kendall Hughes,2/9/2000,2017,PC049
STU0512,Eliana Lewis,3/25/2001,2021,PC049
STU0513,Arianna Moore,7/5/2004,2021,PC049
STU0514,Tristan Walker,9/21/2001,2018,PC049
STU0515,Blake Lee,2/3/2001,2017,PC049
STU0516,Hayden Thomas,3/9/2002,2021,PC049
STU0517,Carson Adams,7/6/1998,2020,PC049
STU0518,Makayla Davies,12/21/2002,2021,PC049
STU0519,Sebastian Cooper,3/14/1999,2018,PC049
STU0520,Kate Cooper,4/18/2002,2020,PC049
STU0011,Henry Hill,2/4/2001,2016,PC052
STU0012,Abigail Clarke,8/18/2000,2019,PC052
STU0013,Aiden Hall,2/9/2003,2020,PC052
STU0014,Maya Carter,5/20/2002,2018,PC052
STU0015,Grayson Morgan,7/26/2001,2017,PC052
STU0016,Nathaniel Walker,6/2/2000,2016,PC052
STU0017,Kylie Williams,3/3/2001,2019,PC052
STU0018,Chloe Harrison,11/6/2002,2020,PC052
STU0019,Brandon Wood,4/5/2000,2021,PC052
STU0020,Eli Ward,8/8/2002,2017,PC052
STU0021,Ellie Turner,5/8/1995,2020,PC002
STU0022,Riley Jackson,11/17/1996,2020,PC002
STU0023,Caleb Williams,10/9/1996,2018,PC002
STU0024,Gabriella Clarke,8/17/1999,2019,PC002
STU0025,Alyssa Clark,6/16/1996,2021,PC002
STU0026,Savannah Davies,12/6/1997,2021,PC002
STU0027,Mila Brown,3/25/1998,2020,PC002
STU0028,Molly White,11/14/1995,2018,PC002
STU0029,Joseph Scott,1/3/1996,2021,PC002
STU0030,Gabriella Jones,1/16/2000,2021,PC002
STU0041,Abigail Smith,9/14/1997,2021,PC003
STU0042,Arianna Cook,10/15/1998,2019,PC003
STU0043,Samuel Cooper,2/26/1998,2018,PC003
STU0044,Kylie Morgan,2/26/2002,2020,PC003
STU0045,Sydney James,2/19/1999,2021,PC003
STU0046,James Adams,10/18/1999,2021,PC003
STU0047,Sienna King,7/18/1996,2019,PC003
STU0048,Kate Williams,12/5/1997,2020,PC003
STU0049,Chase Taylor,11/18/1997,2021,PC003
STU0050,Bailey King,8/23/1998,2021,PC003
STU0061,Colton Roberts,12/9/1998,2020,PC005
STU0062,Eleanor Phillips,2/5/1997,2021,PC005
STU0063,Lillian Jones,1/20/1997,2019,PC005
STU0064,Gianna King,7/19/1998,2020,PC005
STU0065,Dominic Harrison,5/11/1997,2019,PC005
STU0066,Logan James,2/11/1996,2018,PC005
STU0067,Ellie Moore,8/5/1997,2021,PC005
STU0068,Isaac Jones,1/6/2003,2019,PC005
STU0069,Emily Edwards,10/27/1999,2018,PC005
STU0070,Elijah Jones,2/20/1998,2021,PC005
STU0071,Matthew Green,4/12/1998,2021,PC007
STU0072,Alice Hall,1/19/1995,2020,PC007
STU0073,Leah Watson,11/15/1998,2018,PC007
STU0074,Elena Carter,9/11/1997,2020,PC007
STU0075,Sean Wright,10/7/1995,2019,PC007
STU0076,Sebastian Mitchell,4/6/1997,2021,PC007
STU0077,Maya White,5/23/2000,2021,PC007
STU0078,Reagan Moore,4/23/1999,2021,PC007
STU0079,Savannah Walker,7/8/2001,2020,PC007
STU0080,Ryder Walker,9/21/1999,2021,PC007
STU0091,Jason Lewis,4/15/1996,2020,PC008
STU0092,Lauren Carter,5/10/1999,2018,PC008
STU0093,Mason Roberts,2/7/1998,2018,PC008
STU0094,Kaitlyn Anderson,11/13/2000,2021,PC008
STU0095,Aaron Taylor,4/3/2001,2019,PC008
STU0096,Zachary Harris,5/24/2001,2020,PC008
STU0097,Abigail Jackson,1/21/1997,2020,PC008
STU0098,Grace Morris,8/10/1999,2020,PC008
STU0099,Parker Harris,10/4/1999,2020,PC008
STU0100,Cooper Martin,11/11/1994,2020,PC008
STU0101,Kaylee Phillips,4/13/1999,2019,PC010
STU0102,Kylie Clarke,6/23/1998,2018,PC010
STU0103,Logan Wood,8/21/1996,2018,PC010
STU0104,Taylor Turner,9/25/1997,2020,PC010
STU0105,Brianna Cooper,11/20/1997,2018,PC010
STU0106,Isabelle Wilson,8/8/1998,2019,PC010
STU0107,Paige Thompson,3/24/1997,2019,PC010
STU0108,Brody Lee,7/26/1996,2019,PC010
STU0109,Sadie Harris,2/4/1993,2021,PC010
STU0110,Isabella Thomas,1/6/1997,2021,PC010
STU0121,Gavin Harrison,2/23/1998,2020,PC011
STU0122,Audrey Ward,2/23/1994,2019,PC011
STU0123,Kaitlyn Taylor,10/25/1997,2020,PC011
STU0124,Evan Allen,8/19/1995,2019,PC011
STU0125,Riley Green,12/18/1996,2018,PC011
STU0126,Addison King,1/18/1998,2021,PC011
STU0127,Elijah Lee,10/18/1997,2018,PC011
STU0128,Gianna Edwards,4/14/1995,2019,PC011
STU0129,Ellie Wilson,8/22/2000,2021,PC011
STU0130,Gavin Patel,8/17/1998,2021,PC011
STU0131,Colton Clarke,7/24/1998,2019,PC013
STU0132,Colin Adams,2/26/2001,2021,PC013
STU0133,Evan Clark,3/28/2000,2018,PC013
STU0134,Luke Jackson,5/9/1996,2019,PC013
STU0135,Leah Adams,7/19/1999,2019,PC013
STU0136,Clara Watson,10/6/2000,2021,PC013
STU0137,Alexander Brown,2/13/1998,2020,PC013
STU0138,Piper Morris,7/26/1998,2020,PC013
STU0139,Tristan Brown,11/12/1996,2021,PC013
STU0140,Lillian Phillips,12/9/1997,2020,PC013
STU0151,Austin Walker,4/4/1999,2021,PC014
STU0152,Mia Watson,2/12/2000,2018,PC014
STU0153,Jacob Carter,2/12/1996,2018,PC014
STU0154,Leo Wood,3/11/1998,2020,PC014
STU0155,Thomas Robinson,8/28/1995,2021,PC014
STU0156,Elena Harrison,4/27/1997,2021,PC014
STU0157,Christopher Brown,6/9/1999,2019,PC014
STU0158,Levi Wood,6/17/1998,2018,PC014
STU0159,Savannah Hall,6/19/1996,2019,PC014
STU0160,Levi Thompson,11/23/1999,2019,PC014
STU0161,Jayden Edwards,11/10/1997,2018,PC016
STU0162,Dylan Young,9/14/1997,2021,PC016
STU0163,Lauren Lee,10/8/1994,2020,PC016
STU0164,Max Thompson,11/21/1995,2021,PC016
STU0165,Maria Phillips,8/5/2001,2019,PC016
STU0166,Claire Williams,6/19/1997,2021,PC016
STU0167,Owen Wilson,4/13/1997,2018,PC016
STU0168,Elise Lee,12/18/1997,2021,PC016
STU0169,Eliana Mitchell,8/1/2000,2018,PC016
STU0170,Alex King,4/17/1997,2021,PC016
STU0181,David Watson,3/19/1998,2021,PC017
STU0182,Adrian Clarke,10/10/2001,2021,PC017
STU0183,Mackenzie Anderson,4/17/1996,2019,PC017
STU0184,Christopher Clarke,1/6/1996,2021,PC017
STU0185,Brooklyn Harris,3/3/1999,2021,PC017
STU0186,Jackson Clarke,7/4/1998,2021,PC017
STU0187,Blake Thomas,9/14/1997,2021,PC017
STU0188,Adam Cooper,12/7/1996,2019,PC017
STU0189,Hailey Moore,1/27/1996,2019,PC017
STU0190,Noah Scott,8/3/1999,2019,PC017
STU0191,Jason Wood,8/4/2000,2020,PC019
STU0192,Aaliyah Jackson,12/4/1992,2020,PC019
STU0193,Alexandra James,3/7/1998,2018,PC019
STU0194,Wyatt Clark,11/1/1998,2019,PC019
STU0195,Kaylee Morris,6/23/1998,2021,PC019
STU0196,Grayson Campbell,1/5/1997,2021,PC019
STU0197,Gabriel Carter,12/22/1997,2019,PC019
STU0198,Jonathan Carter,12/5/1999,2019,PC019
STU0199,Reese Adams,8/16/1994,2020,PC019
STU0200,Sydney Cooper,10/19/1999,2019,PC019
STU0211,Kendall Smith,11/8/1998,2019,PC020
STU0212,Nolan Cook,10/13/1996,2020,PC020
STU0213,Paige Clark,8/8/1999,2020,PC020
STU0214,David Watson,4/9/1997,2020,PC020
STU0215,Brody Wood,1/22/1996,2021,PC020
STU0216,Anthony Hill,2/15/1999,2021,PC020
STU0217,Leo Green,8/26/1995,2018,PC020
STU0218,Olivia Wright,6/12/1995,2018,PC020
STU0219,Sydney Brown,3/11/1997,2021,PC020
STU0220,Amelia Hill,12/12/2000,2021,PC020
STU0221,Isla Edwards,7/16/1997,2021,PC022
STU0222,Peyton Patel,4/20/2001,2021,PC022
STU0223,Wyatt Adams,11/5/1997,2020,PC022
STU0224,Cooper Hughes,11/10/1996,2019,PC022
STU0225,Piper Lee,10/23/2000,2021,PC022
STU0226,Kennedy Robinson,6/12/1997,2019,PC022
STU0227,Cameron Wood,7/14/1997,2021,PC022
STU0228,Arianna Hill,12/14/2000,2019,PC022
STU0229,Sophie Hughes,5/17/1997,2018,PC022
STU0230,Grace Watson,1/28/1994,2019,PC022
STU0241,Elijah Cook,3/3/1997,2021,PC023
STU0242,Sophie James,9/2/1999,2018,PC023
STU0243,Grayson Cooper,11/21/1999,2018,PC023
STU0244,Connor Brown,3/8/1995,2021,PC023
STU0245,Reese Edwards,9/3/1997,2018,PC023
STU0246,Molly Thomas,10/14/1999,2019,PC023
STU0247,Jackson Martin,9/25/1997,2021,PC023
STU0248,Aria Thompson,11/24/1998,2019,PC023
STU0249,Sean Scott,1/24/1996,2020,PC023
STU0250,Hudson Scott,2/26/1998,2021,PC023
STU0251,Peyton Cooper,8/28/1998,2021,PC025
STU0252,Brody Moore,6/15/1999,2020,PC025
STU0253,Jayden Williams,1/18/1994,2021,PC025
STU0254,Jonathan Morgan,10/5/1998,2019,PC025
STU0255,Mila Davies,9/10/1995,2019,PC025
STU0256,Eli Martin,8/24/1996,2020,PC025
STU0257,Asher Carter,6/2/1995,2018,PC025
STU0258,Charlie Jones,7/18/2001,2020,PC025
STU0259,Kaitlyn Smith,7/3/1997,2021,PC025
STU0260,Julia Patel,8/28/1999,2021,PC025
STU0271,Nora Anderson,5/6/1994,2020,PC026
STU0272,Sarah Lewis,5/1/1998,2021,PC026
STU0273,Emily Carter,5/1/2002,2019,PC026
STU0274,Adam Martin,12/5/1996,2020,PC026
STU0275,Aria Martin,8/14/1998,2019,PC026
STU0276,Tristan Phillips,2/19/1996,2020,PC026
STU0277,Chloe Harrison,5/8/1994,2019,PC026
STU0278,Ava Robinson,9/24/1996,2019,PC026
STU0279,Leah Evans,7/13/1995,2020,PC026
STU0280,Jack Davies,2/25/1995,2018,PC026
STU0281,Alyssa Cook,8/20/1998,2021,PC028
STU0282,Eliana Cooper,2/2/2001,2019,PC028
STU0283,Alex Lee,5/9/1996,2021,PC028
STU0284,Dominic Morgan,12/22/1999,2020,PC028
STU0285,Chase Patel,10/2/1996,2019,PC028
STU0286,Annabelle Martin,2/21/2001,2021,PC028
STU0287,John White,4/8/1997,2018,PC028
STU0288,Ethan Thomas,9/28/2001,2019,PC028
STU0289,Chase Watson,10/6/2000,2021,PC028
STU0290,Samuel Thompson,6/1/1997,2018,PC028
STU0301,Eleanor Anderson,4/20/2001,2019,PC029
STU0302,Amelia King,5/13/2000,2021,PC029
STU0303,Jasmine Clarke,2/10/1999,2018,PC029
STU0304,Anna Thomas,3/10/1995,2018,PC029
STU0305,Brianna Edwards,10/11/2000,2019,PC029
STU0306,Caleb Thomas,4/28/1994,2019,PC029
STU0307,Madison Wright,5/6/1995,2021,PC029
STU0308,Gabriel Wilson,11/26/1996,2019,PC029
STU0309,Joshua Young,4/9/2001,2021,PC029
STU0310,Noah Scott,12/18/1997,2018,PC029
STU0321,Evan Scott,3/7/2001,2021,PC031
STU0322,Lucy Wilson,7/24/1998,2018,PC031
STU0323,Charlie Carter,4/1/1999,2019,PC031
STU0324,Austin Jackson,2/13/1994,2019,PC031
STU0325,Amelia Young,1/11/1999,2018,PC031
STU0326,Caroline Carter,7/23/1998,2020,PC031
STU0327,Addison Morris,9/21/1995,2019,PC031
STU0328,Riley Lee,12/9/1997,2021,PC031
STU0329,Joseph Campbell,10/3/1997,2019,PC031
STU0330,Evelyn Moore,8/19/1999,2019,PC031
STU0331,Annabelle Turner,12/2/1998,2021,PC033
STU0332,Brody Harris,3/2/1999,2019,PC033
STU0333,Piper Wilson,8/27/2000,2021,PC033
STU0334,Maria Young,4/20/1996,2018,PC033
STU0335,Nevaeh Cooper,6/27/1997,2018,PC033
STU0336,Joseph Hall,8/21/1998,2018,PC033
STU0337,Avery James,2/13/1996,2019,PC033
STU0338,Kaylee Smith,12/18/1997,2020,PC033
STU0339,Kayla Wright,5/5/1995,2018,PC033
STU0340,Parker Roberts,11/11/2001,2019,PC033
STU0341,Ruby King,5/12/2000,2019,PC034
STU0342,Piper Campbell,2/16/2000,2021,PC034
STU0343,Sophia Green,5/18/1996,2020,PC034
STU0344,Joseph Phillips,2/4/1995,2018,PC034
STU0345,Easton Cook,11/18/1993,2019,PC034
STU0346,Ethan Hall,1/7/1997,2020,PC034
STU0347,Morgan Thompson,10/28/1997,2021,PC034
STU0348,Amelia Taylor,12/6/1993,2019,PC034
STU0349,Thomas Cook,3/19/1998,2019,PC034
STU0350,Nathan Thomas,6/18/2002,2018,PC034
STU0351,Gabriel Ward,4/13/1998,2021,PC036
STU0352,Zachary Wilson,11/5/1997,2018,PC036
STU0353,Ethan Clarke,4/4/1998,2021,PC036
STU0354,Jordan Roberts,12/10/1996,2021,PC036
STU0355,Elise Brown,10/24/1996,2019,PC036
STU0356,Chloe Thomas,8/13/1996,2018,PC036
STU0357,Charlotte Allen,10/13/2000,2020,PC036
STU0358,Kendall Jackson,4/21/2000,2020,PC036
STU0359,Henry Moore,9/4/1997,2018,PC036
STU0360,Maria Carter,7/11/2002,2018,PC036
STU0361,Brianna Cook,11/25/2000,2019,PC037
STU0362,Leo Young,7/15/1996,2018,PC037
STU0363,Xavier Harris,2/21/1999,2019,PC037
STU0364,Isaac Hughes,9/11/1997,2018,PC037
STU0365,Molly Mitchell,5/3/1999,2019,PC037
STU0366,Julia Clarke,5/24/1997,2019,PC037
STU0367,Asher Clarke,6/19/1996,2018,PC037
STU0368,Xavier Wood,4/3/1998,2021,PC037
STU0369,Maria Williams,2/27/2001,2018,PC037
STU0370,Gabriella Hill,3/15/1999,2018,PC037
STU0381,Peyton Hughes,7/17/1998,2021,PC039
STU0382,Zoe Taylor,3/9/1998,2020,PC039
STU0383,Elijah Hall,5/18/1996,2020,PC039
STU0384,Claire Morgan,7/6/1994,2018,PC039
STU0385,Connor Wood,11/18/1994,2021,PC039
STU0386,Riley Clark,10/19/1997,2019,PC039
STU0387,Gianna Davies,5/10/1996,2020,PC039
STU0388,Isabella Jones,11/27/1994,2019,PC039
STU0389,Colin Wilson,2/16/1998,2021,PC039
STU0390,Samuel Wright,3/10/2000,2020,PC039
STU0391,Kayla Brown,2/1/1995,2018,PC040
STU0392,Hunter Green,3/22/1998,2019,PC040
STU0393,Violet Roberts,8/1/1997,2020,PC040
STU0394,Sean Morris,6/20/1996,2020,PC040
STU0395,Brianna Edwards,10/21/1997,2018,PC040
STU0396,Luke Hughes,6/21/1996,2018,PC040
STU0397,Jasmine Allen,2/1/1994,2020,PC040
STU0398,Daniel Jackson,4/22/1997,2021,PC040
STU0399,Kendall Watson,1/9/1996,2019,PC040
STU0400,Maria Walker,6/18/1998,2019,PC040
STU0411,Xavier Wright,10/27/1995,2019,PC042
STU0412,Arianna Brown,12/1/1996,2018,PC042
STU0413,Aubrey Carter,11/4/1998,2021,PC042
STU0414,Jonathan Thompson,1/4/1992,2018,PC042
STU0415,Reese Morris,3/16/1999,2018,PC042
STU0416,Claire Moore,1/23/2000,2018,PC042
STU0417,Noah Thompson,5/5/1997,2020,PC042
STU0418,Oliver Robinson,11/24/2001,2021,PC042
STU0419,Violet Cooper,3/20/1995,2021,PC042
STU0420,Gavin Evans,2/1/1999,2020,PC042
STU0421,Mila Young,9/28/1995,2020,PC043
STU0422,Sienna Campbell,9/28/1996,2018,PC043
STU0423,Avery Robinson,10/28/1994,2018,PC043
STU0424,Alex Davies,11/26/1997,2020,PC043
STU0425,Lauren Morris,3/18/1994,2020,PC043
STU0426,Maya Roberts,12/21/1995,2018,PC043
STU0427,Peyton King,5/21/2000,2021,PC043
STU0428,Luke Hill,4/22/1998,2021,PC043
STU0429,Clara Green,11/26/1996,2019,PC043
STU0430,Ruby Roberts,9/8/1999,2021,PC043
STU0441,Kendall Martin,7/6/1999,2019,PC045
STU0442,Lyla White,2/17/1998,2021,PC045
STU0443,Paige Johnson,2/20/2000,2021,PC045
STU0444,Brandon Taylor,10/4/1992,2018,PC045
STU0445,Levi Ward,3/27/2000,2019,PC045
STU0446,Zoe Ward,10/3/1998,2021,PC045
STU0447,Ethan Green,5/11/1997,2020,PC045
STU0448,Max Clark,9/22/2000,2020,PC045
STU0449,Hayden Davies,6/3/1998,2020,PC045
STU0450,Kennedy White,3/8/2002,2019,PC045
STU0451,Sienna Walker,9/14/1999,2020,PC046
STU0452,Savannah Evans,6/13/1999,2019,PC046
STU0453,Ethan Patel,3/4/1998,2019,PC046
STU0454,Dominic Cooper,6/4/2000,2020,PC046
STU0455,Elijah Clark,9/23/1997,2020,PC046
STU0456,Mason Williams,5/15/1999,2021,PC046
STU0457,Piper Turner,1/20/1998,2019,PC046
STU0458,Makayla James,6/8/1996,2020,PC046
STU0459,Colton Jackson,6/23/1998,2019,PC046
STU0460,Sophia Evans,10/25/1999,2018,PC046
STU0471,Zachary Ward,11/28/1992,2021,PC048
STU0472,Jackson Smith,9/15/1997,2020,PC048
STU0473,Mason Taylor,12/17/1993,2020,PC048
STU0474,Eliana Davies,10/22/1997,2019,PC048
STU0475,Gabriella Turner,6/11/1999,2020,PC048
STU0476,Zachary Mitchell,2/18/1996,2021,PC048
STU0477,Mila Williams,4/26/1998,2018,PC048
STU0478,Charlotte Carter,10/17/1998,2019,PC048
STU0479,Ethan Smith,7/6/1992,2021,PC048
STU0480,Owen Carter,7/13/1996,2019,PC048
STU0491,Brooklyn Scott,11/25/1998,2021,PC050
STU0492,Adrian Thomas,7/23/2001,2019,PC050
STU0493,Reese Walker,3/23/2001,2019,PC050
STU0494,Brooke Mitchell,1/21/1997,2020,PC050
STU0495,Hannah Cooper,6/17/1998,2018,PC050
STU0496,Jason King,2/17/1999,2018,PC050
STU0497,Daniel Johnson,7/8/2000,2019,PC050
STU0498,Emily Evans,2/1/1999,2019,PC050
STU0499,Eleanor Phillips,5/21/1996,2021,PC050
STU0500,Jayden Clark,1/18/1997,2018,PC050
STU0501,Parker Harris,1/25/1996,2019,PC051
STU0502,Jasmine Brown,1/11/1998,2018,PC051
STU0503,Violet Williams,9/10/1997,2018,PC051
STU0504,Jordan Allen,11/1/1996,2021,PC051
STU0505,Hayden Hughes,3/17/1995,2021,PC051
STU0506,Charlotte Wilson,3/12/1996,2019,PC051
STU0507,Dylan Clark,9/28/1998,2021,PC051
STU0508,Joseph Hall,7/12/2001,2018,PC051
STU0509,Taylor Cooper,12/2/1999,2020,PC051
STU0510,Alyssa Jones,11/27/2000,2018,PC051
STU0521,Hailey Harrison,9/14/2001,2019,PC053
STU0522,Addison Taylor,12/17/1996,2020,PC053
STU0523,Daniel Wright,10/1/1997,2020,PC053
STU0524,Caroline Williams,12/24/2000,2019,PC053
STU0525,Clara Mitchell,2/23/2000,2021,PC053
STU0526,Addison Harris,2/14/1997,2020,PC053
STU0527,Savannah Watson,10/18/1996,2021,PC053
STU0528,Alexis Moore,3/23/1995,2019,PC053
STU0529,Paige Smith,12/17/1996,2020,PC053
STU0530,Eleanor Campbell,7/22/2000,2020,PC053
STU0531,Brayden Lee,12/7/1998,2021,PC054
STU0532,Evan Watson,4/21/1993,2020,PC054
STU0533,Jasmine Morris,7/14/1998,2021,PC054
STU0534,Colton Hill,4/26/2000,2021,PC054
STU0535,Benjamin Roberts,1/4/1997,2019,PC054
STU0536,Michael James,11/15/1999,2020,PC054
STU0537,Violet Harrison,12/16/1996,2020,PC054
STU0538,Declan Phillips,10/23/2002,2019,PC054
STU0539,Maria Roberts,5/21/2000,2018,PC054
STU0540,Gabriella James,7/22/1998,2020,PC054
